{
  "name": "Disciple Tools - Third Party Authentication Plugin",
  "version": "0.1.0",
  "download_url": "https://github.com/DiscipleTools/disciple-tools-third-party-authentication-plugin/releases/latest/download/disciple-tools-third-party-authentication-plugin.zip",
  "sections": {
    "description": "Disciple Tools - Third Party Authentication Plugin.",
    "installation": "(Required) You must have Disciple.Tools Theme installed before using this plugin. Once Disciple.Tools is installed, you can use the normal Plugin system to install the plugin.",
    "changelog": ""
  },
  "last_updated": "2020-1-24",
  "upgrade_notice": "Here's why you should upgrade...",
  "requires": "4.7",
  "tested": "5.5.1",
  "banners": {
    "low": "https://raw.githubusercontent.com/DiscipleTools/disciple-tools-version-control/master/images/dt-placeholder-772x250.jpg",
    "high": "https://raw.githubusercontent.com/DiscipleTools/disciple-tools-version-control/master/images/dt-placeholder-1544x500.jpg"
  },
  "author": "Disciple Tools",
  "author_homepage": "https://disciple.tools",
  "homepage": "https://github.com/DiscipleTools/disciple-tools-third-party-authentication-plugin",
  "issues_url": "https://github.com/DiscipleTools/disciple-tools-third-party-authentication-plugin/issues",
  "projects_url": "https://github.com/DiscipleTools/disciple-tools-third-party-authentication-plugin/projects",
  "wiki_url": "https://github.com/DiscipleTools/disciple-tools-third-party-authentication-plugin/wiki",
  "license_url": "https://github.com/DiscipleTools/disciple-tools-third-party-authentication-plugin/blob/master/LICENSE",
  "readme_url": "https://github.com/DiscipleTools/disciple-tools-third-party-authentication-plugin/blob/master/README.md"
}
